SURVEYID,MOSTIMPBOAT,MOSTIMPFISH,MOSTIMPSWIM,MOSTIMPFAM,MOSTIMPBIRD,MOSTIMPBEAUTY,GRADERES,GRADECOM,GRADEFARMOP,GRADECONGROUP,GRADELOCALGOV,GRADEREGULATORS,QOLWQ,SLOWECON,CHNGEPRAC,IMPSED,IMPFERT,IMPECOLI,IMPTRASH,IMPSALT,IMPHITEMP,CONEXCESS,CONCONTH2O,CONLOSS,CONODOR,CONDEPGW,CONBEAUTY,CONRECOPP,SEPTICYEAR,SEPTICDK,SEPTICPUMP,SEPTICINSPECT,SCHECKROOTS,SCHECKWET,SCHECKCLOGS,SCHECKCOVER,STIME,SCOST,SIMPORTANT,SLACKINFO,NSOILTESTFAM,NMANUFERTFAM,ENOTILLFAM,ECOVERFAM,EWATERWAYFAM,NVRTFAM,GENDER,YRBORN,BLACK,AMERIND,ASIAN,LATINO,MULTIRAC,WHITE,PREFERNOTTO,EDUCATION,TIMERES,SIZE,ANIMALS,CROPS,TYPE,FAMCURREN,RESIDENTIAL,SMALLFARM,LARGEFARM
0001,0,0,0,0,0,1,3,3,4,3,2,2,3,4,4,1,1,1,2,1,1,1,1,1,1,1,1,1, , ,3,3,2,2,2,2,3,4,2,3, , , , , , ,0,1965,0,0,0,0,0,1, ,2,26,10,0,0,1,0,1,0,0
0002,1,0,0,0,0,0,3,4,4,4,3,2,4,4,3,3,3,2,3,9,9,9,9,9,9,2,2,9, , ,3,3,4,4,4,4,3,1,1,1,4,4,3,4,4,4,0,1964,0,0,0,0,0,1, ,3,36,400,0,1,3,30,0,0,1
0003,0,1,0,0,0,0,4,4,3,5,3,4,4,5,3,2,3,1,3,9,2,2,1,1,1,1,2,2, ,9,0,0,1,4,1,4,2,4,1,3, , , , , , ,0,1957,0,0,0,0,0,1, ,3,30,1.5,0,0,1,0,1,0,0
0004,0,0,0,0,0,1,4, , ,5,3, ,5,4,3,1,9,2,2,9,9,9,3,3,1,3,3,3, , ,3, ,1,4,1,1,3,3,3,3, , , , , , ,1,1983,0,0,0,0,0,0,9,5,14,20,0,0,1, ,1,0,0
0005,0,0,0,0,0,1,3,1,1,3,3,3,5,4,5,4,4,4,4,4,4,4,4,4,4,4,4,4, , ,2,0,1,1,1,1,1,1,1,1,4,4,4,4,4,4,0,1941,0,0,0,0,0,1, ,6,30,200,0,1,3, ,0,0,1
0006,0,1,0,0,0,0,4,3,1,3,3,3,5,4,3,4,4,4,4,4,4,4,4,4,4,4,3,3, ,9,3,0,2,2,2,2,1,1,1,1, , , , , , ,9,1947,0,0,0,0,0,1, ,3,42,15,0,0,1, ,1,0,0
0007,1,0,0,0,0,0,4, ,2,3,2,1,5,4,4,2,3,4,4,4,4,3,4,3,2,3,3,2, , ,1,1,2,1,1,1,3,4,3,4, , , , , , ,0,1964,0,0,0,0,0,1, ,3,27,1.25,0,0,1, ,1,0,0
0008,1,1,1,1,1,1,1,1,1,4,1,4,5,4,5,4,4,4,4,9,4,4,4,4,4,4,4,4, , ,3,0,1,1,1,1,1,1,1,4, , , , , , ,1,1959,0,0,0,0,0,1, ,3,35,100,0,0,3,35,0,0,1
0009,1,0,0,0,0,0,4,3,4,4,4,4,4,3,4,9,9,9,9,9,9,9,9,9,9,9,9,9, ,9,3,2,3,2,2,2,1,1,4,4, , , , , , ,1,1988,0,0,0,0,0,1, ,5,1.5,1,0,0,1, ,1,0,0
0010,0,0,0,1,0,0,4,3,3,4,3,3,5,4,4,1,9,9,2,9,9,1,9,2,1,2,1,1,1991, ,2,2,1,2,1,2,1,3,3,3, , , , , , , , ,0,0,0,0,0,1, ,4,39,1.75,0,0,1,0,1,0,0
0011,0,1,0,0,1,1,4,2,2,4,3,3,4,5,4,3,4,9,3,9,2,2,9,2,1,3,3,2, , ,3,3,3,4,4,4,1,1,1,1, , , , , , ,0,1947,0,0,0,0,0,1, ,4,37,7.5,0,0,1,0,1,0,0
0012,1,1,1,1,0,0,5,1,1,5,3,1,5,5,4,2,4,4,4,9,9,4,4,4,4,4,4,4, , ,3,3,1,1,1,1, , , ,4, , , , , , ,1,1950,0,0,0,0,0,1, ,2,35,4,0,0,1,0,1,0,0
0013,0,0,0,0,0,0,2,2,2,2,3,3,4,3,4,2,3,2,2,2,2,2,3,3,4,3,3,2, ,9,1,0,1,4,2,2,2,4,2,3,4,4,9,4,9,9,0,1955,0,0,0,0,0,1, ,5,29,4,1,1,2,29,0,1,0
0014,1,1,1,1,0,1,3,3,2,4,3,2,5,5,4, ,3,9,9,9,9,9,3,4,9,4,2,9, ,9,0,0,3,4,1,4,1,4, , , , , , , , ,1,1948,0,0,0,0,0,1, ,6,14,6.5,0,0,1, ,1,0,0
0015,0,0,0,0,0,1,4, , , , , ,4,5,3,9,9,9,9,9,9,9,4,4,3,3,4,4, ,9,3,3,1,1,1,4,3,3,4,2, , , , , , ,1,1968,0,0,0,0,0,1, ,4,20,1,0,0,1,0,1,0,0
0016,0,0,0,9,9,0,3,3,2,3,2,1,4,4,5,3,4,4,4,4,3,4,4,4,4,4,4,4, , ,2,2, , , , , , , , , , , , , , ,0,1943,0,0,0,0,0,1, ,3,26,9.8,0,0,1,0,1,0,0
0017,0,0,1,0,0,0, , , , , , ,5,4,5,9,9,9,1,9,9,9,1,1,1,9,1,1, , ,3,3,2,2,1,4,2,4,3,3, , , , , , ,1,1974,0,0,0,0,0,1, ,5,11,5,0,0,1, ,1,0,0
0018,1,1,1,1,1,1, , , , , , ,5,5,4,9,9,9,9,9,9,2,4,4,4,4,4,3,2017, ,3,3,2,4,4,4,1,1,1,1, , , , , , ,0,1965,0,0,0,0,0,1, ,3,27,8,0,0,1, ,1,0,0
0019,1,0,0,0,0,0,1,2,1,5,4,5,5,5,4,3,4,2,3,3,4,4,3,4,3,4,3,3, ,9,3,1,4,4,1,4,1,3,1,1, , , , , , ,0,1968,0,0,0,0,0,1, ,5,22,1.5,0,0,1,15,1,0,0
0020,0,0,0,0,0,1,4,4,2,5,2,1,5,5,3,2,3,2,2,9,9,2,2,3,2,3,3,3,2012, ,2,0, , , ,4,1,4,3,1, , , , , , ,1,1958,0,0,0,0,0,1, ,3,10,9,0,0,1,40,1,0,0
0021, , , , , ,9, , , , , , ,5,3,3,9,9,9,9,9,9,9,9,9,9,9,9,9, , ,3, ,1,1,1,1,1,1,1,1, , , , , , , , , , , , , , , , , , ,0,0,1, ,1,0,0
0022,0,0,0,1,0,0,3,2,3,4,2,2,5,5,4,3,3,3,4,3,1,3,2,2,2,4,3,3, , ,2,1,4,4,4,4,1,1,1,1,4,4,4,3,4,4,1,1944,0,0,0,0,0,1, ,5,49,120,0,1,3,50,0,0,1
0023,0,0,1,0,0,0,4,4,4,5,4,3,5,4,4, , ,9,3,9,9,2,9,9,9,9,2,3, ,9,2,1,4,3,1,4,2,2,2,3,4,4,4,4,4,4,1,1956,0,0,0,0,0,1, ,5,46,900,1,1,3,48,0,0,1
0024,0,0,1,0,0,0,4,4,3,4,3,3,5,5,4,3,2,2,3,3,3,3,4,3,2,4,3,3, ,9,3,0,1,1,1,1,3,3,4,4, , , , , , ,1, ,0,0,0,0,0,1, ,5,11,2,1,0,2,0,0,1,0
0025,0,0,0,0,0,0,3,3,3,3,3,3,3,3,3,1,1,1,1,1,1,1,1,1,1,1,1,1, ,9,0,0,2,2,2,2,1,1,1,1, , , , , , ,9,1955,0,0,0,0,0,1, ,2,7,6,0,0,1,0,1,0,0
0026,1,1,1,1,1,1,5,4,3,5,4,4,4,4,3,1,2,1,3,9,1,9,1,9,1,1,1,1, , ,3,1,4,4,4,4,1,1,1,1, , , , , , ,1,1990,0,0,0,0,0,1, ,5,10,7.5,0,0,1,0,1,0,0
0027,0,0,0,0,0,0,4,4,3,4,3,3,4,5,4,2,3,2,2,9,9,2,2,2,2,3,2,2,1991, ,3,3,4,4,4,4,3,3,1,1, , , , , , ,0,1965,0,0,0,0,0,1, ,6,31,40,1,0,2,40,0,1,0
0028, ,1, ,1, ,1, , , , , , ,5,4,5,4,4,3,2,9,9,9,9,3,3,9,1,1, ,9,2,0,2,2,2,2,1,4,1,1, , , , , , ,0,1962,0,0,0,0,0,1, ,2,5,3,0,0,1,0,1,0,0
0029,0,1,0,0,1,1,5, ,5,5,5,5,5,5,5,2,1,1,3,9,9,9,1,1,1,1,1,1, , ,2,2,2,2,2,2,1,1,1,1,4,4,4,4,4,4,0,1959,0,0,0,0,0,1, ,2,42,600,1,1,3,52,0,0,1
0030,9,0,9,0,0,1,4, ,2,3,1,1,5,5,5,4,4,9,4,9,9,3,4,3,9,4,4,4, , ,3,0,1,4,4,4,3,3,3,4, , , , , , ,0,1951,0,0,0,0,0,1, ,4,22,5.1,1,0,2, ,0,1,0
0031,1,1,1,1,1,1,3,3,5,4,4,2,5,4,5,2,2,1,1,1,1,3,2,3,3,2,3,2, , ,1,0,4,4,4,4,4,2, , ,4,4,4,4,4,4,0,1962,0,0,0,0,0,1, ,4,48,1100,0,1,3,50,0,0,1
0032,1,1,0,0,1,1,2,3,1,3,3,3,4,4,3,3,4,3,3,9,1,4,3,3,2,1,2,1, ,9,2,0,2,4,1,4,1,1,2,1, , , , , , ,0,1951,0,0,0,0,0,1, ,3,9,2,0,0,1,0,1,0,0
0033,0,0,0,0,0,1,4,3,4,4,3,4,5,5,5,2,2,2,2,9,9,9,2,9,1,1,2,9,1998, ,2,2,4,4,1,4,1,3,1,1, , , , , , ,1,1953,0,0,0,0,0,1, ,3,23,2.3,0,0,1, ,1,0,0
0034,0,0,0,0,0,1,3,1,2,4,2,3,3,5,4,2,2,9,1,9,9,9,9,9,9,9,1,1, , ,2,2,1,1,1,1, , , , , , , , , , ,0,1993,0,0,0,0,0,1, ,6,4,5,0,0,1, ,1,0,0
0035,0,0,0,0,0,0, , , , , , ,4,3,3,9,9,9,9,9,9,9,9,9,9,9,9,9, , ,3,0,4,4,4,4,1,1,1,1,4,4,3,4,3,4,0,1951,0,0,0,0,0,1, ,6,12,26,0,1,2,12,0,1,0
0036,1,0,0,0,0,0,2,3,4,4,4,4,5,5,4,3,2,2,3,9,2,2,3,2,2,9,2,1, , , , ,2,2,2,2,3,4,3,3,4,2,4,2,3,3,0,1981,0,0,0,0,0,1, ,4,5,130,1,1,3,5,0,0,1
0037, , , , , , ,4,3,3,4,3,3,5,4,3,3,3,9,3,9,3,9,9,9,9,9,3,3, , ,3,1,2,4,1,4, , , , , , , , , , ,0,1942,0,0,0,0,0,1, ,1,32,5,0,0,1, ,1,0,0
0038,9,9,1,0,1,1,3,3,3,5,4,4,4,3,4,9,3,2,3,3,1,9,9,3,9,2,2,9, ,9,1,0,3,3,3,3,3,3,2,3, , , , , , ,0,1951,0,0,0,0,0,1, ,5,31,1.5,0,0,1,0,1,0,0
0039,0,1,0,0,0,0,4,3,2,5,3,2,5,4,4,2,4,9,2,9,4,2,2,4,2,3,4,4, , ,2,0,1,1,1,1,2,2,2,4, , , , , , ,0,1952,0,0,0,0,0,1, ,5,25,5,0,0,1, ,1,0,0
0040,0,0,0,1,0,0,1,1,1,1,1,1,5,4,5,1,4,3,4,3,1,4,4,4,4,4,4,4, , ,3,3,4,4,4,4,1,1,1,1, , , , , , ,0,1961,0,1,0,0,0,1, ,6,23,1,0,0,1, ,1,0,0
0041,0,1,0,0,0,0,5,2,4,3, ,1,4,4,4,9,2,9,1,9,9,3,4,4,2,3,3,2,2004, ,0,0,1,1,1,1,2,2,3,3, , , , , , ,0,1992,0,0,0,0,0,1, ,5,3.5,18,1,0,2,0,0,1,0
0042,0,1,0,0,0,0,3,2,2,4,3,2,5,5,4,1,3,3,3,3,2,1,9,1,1,4,2,1, , ,3,2,1,4,1,1,2,2,4,4, , , , , , ,1,1985,0,0,0,0,0,1, ,6,2,27,0,0,1,0,1,0,0
0043,1,0,0,0,0,0,4,2,2,4,2,2,5,5,4,1,4,4,4,4,3,4,4,4,4,4,3,3, , ,2,0,3,4,3,4,3,3,3,3, , , , , , ,1,1983,0,0,0,0,0,1, ,5,13,5,1,0,2, ,0,1,0
0044,0,0,0,0,0,0,4,4,4,4,4,3,5,5,5,3,3,9,1,9,1,2,1,9,2,3,2,1, , ,3,3,1,4,1,3,3,4,3,3, , , , , , ,1,1983,0,0,0,0,0,1, ,5,7,10,1,0,2, ,0,1,0
0045,1,0,0,0,0,0,3,2,2, , , ,5,5,4,9,3,9,2,9,9,9,9,9,3,9,3,3, , ,3,1,3,4,1,3,1,1,4,3,1,1,1,1,1,1,1,1969,0,0,0,0,0,1, ,6,17,80,0,1,3,0,0,0,1
0046,1,1,1,1,1,1,5,3,3,5,2,2,5,4,4,9,9,9,9,9,9,3,9,9,9,9,4,4,1978, ,2,0,1,1,1,1,1,1,1,1, , , , , , ,0, ,0,0,0,0,0,1, ,2,31,6,0,0,1, ,1,0,0
0047,0,1,0,0,0,0,2,1,1,2,1,1,5,4,5,3,4,4,4,4,4,4,4,4,9,1,4,1, ,9,2,2,4,4,4,4,1,1,1,1,4,4,4,4,9,9,0,1984, , , , , , ,9,6,6,5,0,1,2,9,0,1,0
0048,9,9,9,9,9,9,4,3,3,4,3,3,5,5,3,3,3,3,3,3,2,3,4,3,2,4,3,2, , ,1,0,4,4,4,4,1,1,1,1,4,3,4,4,4,2,0,1969,0,0,0,0,0,1, ,2,22,350,1,1,3,40,0,0,1
0049,1,1,1,0,0,0,3,3,3,3,3,3,5,5,4,9,9,9,3,9,9,4,4,4,4,4,4,4, , ,1,0,4,4,1,4,3,3,3,3, , , , , , ,0,1980,0,0,0,0,0,1, ,5,13,3.5,1,0,2,0,0,1,0
0050,0,1,0,0,0,0,3,3,1,4,1,4,5,5,4,2,4,4,3,3,2,3,4,3,3,4,3,3, ,9,3,1,1,2,2,3,1,2,4,4, , , , , , ,1,1969,0,0,0,0,0,1, ,3,24,3,0,0,1, ,1,0,0
0051,0,0,0,0,0,1,3, , , , , ,5,4,3,9,9,9,9,9,9,1,1,9,2,3,1,1, , ,3,0,4,4,1,4,2,4,1,1, , , , , , ,0,1952,0,0,0,0,0,1, ,2,40,7,0,0,1,50,1,0,0
0052,0,1,0,0,0,0,4,4,4,4,3,3,5,4,4,3,2,2,2,1,2,2,2,1,1,2,2,2, , ,3, ,1,4,1,4,2,4,1,1, , , , , , ,0,1959,0,0,0,0,0,1, ,4,34,17,0,0,1, ,1,0,0
0053,0,0,0,0,0,1,2,4,4,4,4,4,5,5,4,2,1,9,2,9,9,2,1,9,1,9,1,9, , ,3,3,1,4,1,4,1,1,1,1,4,4,4,4,4,4,1,1976,0,0,0,0,0,1, ,3,20,2000,1,1,3,6,0,0,1
0054,0,0,0,1,1,1,4,4,5,5,3,3,5,4,4,3,3,3,3,9,9,2,1,1,1,1,2,1,1982, ,1,0,3,3,3,4,3,4,3,1, , , , , , ,0,1958,0,0,0,0,0,1, ,2,40,5,1,0,2, ,0,1,0
0055,0,0,0,0,0,1,4,3,2,5,3,3,5,4,5,3,3,9,2,9,3,3,9,3,2,9,3,3,2004, ,3,3,4,4,1,4,1,1,1,1, , , , , , ,0,1967,0,0,0,0,0,1, ,6,17,5,0,0,1,0,1,0,0
0056,0,0,0,0,0,1,3,2,2,5,4,4,4,5,4,9,3,9,2,9,9,1,9,9,9,1,1,1, ,9,3,0,1,1,1,4,1,1,1,1, , , , , , ,0,1945,0,0,0,0,0,1, ,3,50,5,0,0,1,0,1,0,0
0057,0,1,0,0,0,0,3,1,1,3,2,1,5,5,4,3,3,2,3,9,3,4,4,4,3,4,3,3, , ,1,0,3,3,3,3,2,2,4,4,4,3,3,3,1,2,0,1962,0,0,0,0,0,1, ,6,20,130,0,1,3,10,0,0,1
0058,0,1,0,0,0,0,3,2,1,4,2,1,5,5,5,4,4,9,3,9,4,9,3,3,3,3,3,3, , ,0,0,1,4,1,1,1,1,4,4,4,2,4,4,4,4,0,1971,0,0,0,0,0,1, ,3,20,20,1,1,2,45,0,1,0
0059,0,0,0,0,0,1,5,1,5,1,1,1,5,5,3,4,9,9,9,4,9,3,4,3,4,9,3,9, , ,2,2,1,4,1,2,3,3,3,4, , , , , , ,1,1958,0,0,0,0,0,1, ,5,18,5,0,0,1,0,1,0,0
0060,0,0,0,0,1,0,3,3,4,4,3,3,5,4,4,2,3,2,1,9,2,2,9,9,9,2,1,1, , ,1,0,4,3,1,3,2,1,2,1, , , , , , ,1,1947,0,0,0,0,0,1, ,6,42,5,0,0,1,0,1,0,0
0061,0,0,0,0,0,0,3,3,3,5,3,3,5,5,4,3,3,4,4,4,9,4,3,9,3,9,3,3, ,9,3,0,1,3,1,3,1,3,3,1, , , , , , ,0,1954,0,0,0,0,0,1, ,2,48,1.5,0,0,1, ,1,0,0
0062,0,0,0,1,0,1,3,2,4,3,3,3,4,4,3,3,2,2,3,2,4,3,3,3,2,4, ,2, , ,3,3,2,2,2,4,2,2,3,1, , , , , , ,1,1949,0,0,0,0,0,1, ,2,50,40,0,0,1, ,1,0,0
0063,1,1,0,0,0,0,4,3,2,5,3,5,5,5,3,3,4,3,4,3,2,3,4,2,2,4,3,3, , ,3,1,4,4,4,4,1,1,1,1, , , , , , ,0,1947,0,0,0,0,0,1, ,5,10,3,0,0,1, ,1,0,0
0064,0,0,1,1,1,1,5,4,5,5,2,2,4,3,4,1,9,1,1,9,1,9,9,4,4,2,4,4,1999, ,3,2,1,1,1,1,3,3,1,4, , , , , , ,1,1977,0,0,0,0,0,1, ,3,24,2.45,1,0,2, ,0,1,0
0065,0,0,0,0,0,0,5, , , , , ,4,4,4,2,9,3,1,9,9,9,9,9,3, ,1,1, , ,3,3,1,2,1,2,1,1,1,1, , , , , , , ,1961, , , , , , ,9,2,12,3.8,0,0,1, ,1,0,0
0066,0,1,0,0,1,1,3,3,3,3,3,3,4,4,4,3,3,2,2, ,2,3,2,2,2,3,3,2, , , ,2,2,3,2,3,1,1,1, , , , , , , ,0,1943,0,0,0,0,0,1, ,5,50,68,0,0,1,57,1,0,0
0067,0,0,1,1,0,0,4,5,5,5,5,5,4,3,4,3,2,2,3,2,2,2,3,2,3,4,2,2,1963, ,2,0,4,4,3,4,1,1,1,1,4,4,4,4,4,3,0,1951,0,0,0,0,0,1, ,3,38,80,1,1,3,50,0,0,1
0068,0,0,0,0,0,1,3,2,2,3,2,1,5,5,4,3,4,3,3,3,2,3,3,3,2,4,3,3, ,9,1,0,2,2,1,1,2,3,3,4, , , , , , ,0,1943,0,0,0,0,0,1, ,4,50,40,0,0,1,25,1,0,0
0069, ,0,1,0,0,0,1, , , ,1, ,4,5, ,9,3,9,3,9,9,3,3,4,1,9,1,1, , ,1,0,1,1,1,1, , , , , , , , , , ,0,1947,0,0,0,0,0,1, ,5,39,20,0,0,1,39,1,0,0
0070,0,1,0,0,0,0,2,5,5,5,2,1,5,4,5,4,1,1,3,1,3,4,4,4,2,4,4,4,1997, ,3,2,4,4,4,4,1,1,1,1, , , , , , ,0,1991,0,0,0,0,0,1, ,3,6,10,1,0,2, ,0,1,0
0071,0,0,1,0,0,0,3,4,4,5,4,4,5,5,4,2,3,1,2,9,2,3,4,3,3,4,3,3, , ,0,0,2,4,2,4,2,3,3,3,4,4,4,3,9,2,0,1980,0,0,0,0,0,1, ,6,38,40,0,1,2,15,0,1,0
0072,0,0,0,0,0,1,4,3,2,4,2,2,5,5,4,9,9,9,9,9,9,9,9,9,9,3,9,9, , ,2,0,1,2,1,1,1,3,4,4,2,2,2,2,1,1,0,1956,0,0,0,0,0,1, ,2,20,50,0,1,2,66,0,1,0
0073,0,0,0,0,1,1,4,3,1,3,2,2,4,3,4,3,4,9,3,9,9,9,4,3,2,2,2,2, , ,2,0,1,1,1,2,3,4,3,4, , , , , , ,9,1958,0,0,0,0,0,1, ,6,24,60,0,0,1, ,1,0,0
0074,0,1,1,1,1,1,3,3,4,4,4,2,4,5,3,3,3,2,4,2,2,4,3,3,2,4,3,2, ,9,1,0,3,4,2,1,1,1,1, , , ,4, ,4,4,0,1954,0,0,0,0,0,1, ,2,56,80,1,1,3,38,0,0,1
0075,0,0,0,0,0,0,3,3,3,3,3,3,4,3,5,1,2,2,2,2,1,2,2,2,2,3,2,1, , ,0,0,1,1,1,1,2,2,2,2,9,9,9,9,9,9,1,1951,0,0,0,0,0,1, ,5,38,23,1,1,2,0,0,1,0
0076,0,1,0,0,0,0, , , ,5, , ,5,4,5,3,4,3,3,9,3,4,3,3,3,3,1,1,2001, ,2,0,3,4,1,4,1,1,3,3, , , , , , ,1,1976,0,0,0,0,0,1, ,5,22,2.1,0,0,1,0,1,0,0
0077,0,1,0,0,0,0,3,3,3,5,5,2,4,5,4,3,3,4,4,4,4,3,3,3,3,2,1,3,2000, ,0,0,1,1,1,1,4,4,4,4, , , , , , ,1,1933,0,0,0,0,0,1, ,3,22,60,0,0,1,80,1,0,0
0078,0,0,0,0,0,0,3,1,5,3,1,1,3,3,4,1,1,1,1,1,1,1,1,1,1,1,1,1,2000, ,3,3,2,2,2,2,1,1, , ,2, , , , , ,0,1947,0,0,0,0,0,1, ,3,75,50,0,1,2,20,0,1,0
0079,0,1,0,0,0,0,3,3,2,4,2,1,5,5,4,1,3,9,2,9,1,1,1,3,1,9,4,3, ,9,3,2,1,1,1,1,2,2,4,4, , , , , , ,1,1993,0,0,0,0,0,1, ,5,5,1,0,0,1, ,1,0,0
0080,0,0,0,1,0,0,2,2,2,4,3,3,5,4,4,3,3,2,2,2,3,3,4,4,2,3,3,3, , ,2,1,2,2,1,1,3,3,3,3,2,2,2,2,4,1,1,1953,0,0,0,0,0,1, ,5,33,20,1,1,2, ,0,1,0
0081,1,1,1,1,1,1,4,4,2,5,4,3,5,5,4,9,9,9,1,9,1,9,9,9,9,9,9,9, , ,2,3,4,4,3,4,1,1,1,1,3,9,9,9,9,9,1,1972,0,0,0,0,0,1, ,3,4,32,0,1,2,20,0,1,0
0082,1,0,0,0,0,0, , , , , , ,4,4,3,2,3,9,1,9,9,9,3,3,9,3,2,2,2004, ,2,2,2,2,1,3,1,1,3,1, , , , , , ,1,1966,0,0,0,0,0,1, ,3,8,3.5,0,0,1, ,1,0,0
0083,0,0,0,0,0,0,3,3,2,5,4,3,5,5,4,2,3,3,3,9,9,3,3,2,2,3,2,2, ,9,2,1,4,4,2,2,1,3,2,2,4,4,9,9,9,2,1,1954,0,0,0,0,0,1, ,3,45,30,0,1,2,20,0,1,0
0085,0,1,0,0,0,1,5,4,5,5,3,3,4,3,4,2,3,2,3,3,1,3,9,2,9,9,3,3, , ,3,0,2,2,1,4,1,3,3,3, , , , , , ,0,1954,0,0,0,0,0,1, ,2,22,15,0,0,1, ,1,0,0
0086,0,1,0,0,1,0,4,2,2,4,3,3,5,4,4,3,3,3,2,9,2,3,4,3,2,2,2,2, ,9,3,0,2,4,1,4,1,1,4,4, , , , , , ,0,1968,0,0,0,0,0,1, ,2,30,10,0,0,1, ,1,0,0
0087,0,0,0,1,0,0,3,2,1,5,3,2,5,4,5,1,4,9,9,9,2,9,4,9,2,4,3,2, , ,3,3,1,1,1,1,2,2,3,2, , , , , , ,1,1980,0,0,0,0,0,1, ,6,7,15,0,0,1, ,1,0,0
0088,0,0,0,0,0,1,4,3,3,4,2,3,4,5,3,2,2,3,2,2,2,1,1,1,1,1,1,1,2004, ,3,3,4,4,4,4,1,1,1,1, , , , , , ,0,1960,0,0,0,0,0,1, ,3,18,2,0,0,1, ,1,0,0
0089,0,0,0,0,0,0,3,3,3,4,4,3,5,4,4,3,3,9,9,9,1,3,4,3,3,4,3,2, , ,3,3,2,2,2,4,1,1,1,1, , , , , , ,0,1964,0,0,0,0,0,1, ,3,7,40,0,0,1,0,1,0,0
0090,1,0,0,0,0,0, , , , , , ,4,4,4,9,9,9,9,9,9,9,9,9,9,9,9,9, , ,3,0, ,4, , , , , , , , , , , , ,1,1958,0,0,0,0,0,1, ,4,44,25,1,0,2,0,0,1,0
0091,0,1,0,0,0,1,2,2,3,5,3,1,4,5,4,3,3,2,3,2,4,3,3,3,2,2,3,3, ,9,3,0,3,4,1,2,2,1,1,1, , , , , , ,0,1946,0,0,0,0,0,1, ,2,28,5,0,0,1, ,1,0,0
0092,1,0,0,0,0,0,5,1,5,5,1,1,5,5,3,9,9,2,9,9,9,3,2,9,2,9,1,9,2020, ,3,3,1,1,1,1,1,1,1,1, , , , , , ,1,1964,0,0,0,0,0,1, ,6,21,10,0,0,1,0,1,0,0
0093,0,1,0,0,0,0,1,1,3,4,2,2,5,3,4,3,3,9,2,9,2,4,3,3,3,3,3,3, , ,3,3,1,1,1,1,2,2,2,4,4,4,4,4,4,4,0,1971,0,0,0,0,0,1, ,6,1,74,0,1,2,1,0,1,0
0094,0,1,0,0,0,0,4,4,5,5,2,2,5,4,4,9,9,9,9,9,9,9,4,4,3,4,3,2, ,9,3,0,1,1,3,1,1,4,3,1, , , , , , ,1,1981,0,0,0,0,0,1, ,6,5,6.5,1,0,2,10,0,1,0
0095,0,0,0,0,1,0,2,2,3,4,3,2,5,5,4,3,3,3,3,9,3,3,4,3,3,3,2,2,1978, ,3,3,2,4,2,4,1,1,1,3, , , , , , ,0,1940,0,0,0,0,0,1, ,6,44,10,0,0,1,0,1,0,0
0096,1,1,0,0,0,1,3,3,3,3,3,3,4,4,4,3,3,3,3,3,3,3,3,3,3,3,3,3, ,9,3,3,2,2,2,2,3,4,3,3, , , , , , ,0,1969,0,0,0,0,0,1, ,5,27,2,0,0,1, ,1,0,0
0097,1,1,1,1,1,1,3,3,3,3,3,3,5,4,4,9,9,9,9,9,9,1,1,2,1,3,3,3, , ,3,0,4,4,1,4,1,1,1,1,3,2,4,9,9,9,0,1964,0,0,0,0,0,1, ,2,32,10,1,1,2,0,0,1,0
0098,1,1,1,1,1,1,5,5, , , , ,4,5,3,9,3,3,3,9,9,9,9,9,9,9,9,9, , ,0,0,1,1,1,1, , , , , , , , , , ,1, , , , , , , , ,3,50,15,0,0,1, ,1,0,0
0099,0,1,0,0,0,0,4,3,4,3,4,2,4,4,5,1,2,1,2,9,9,2,1,2,1,1,2,1,2015, ,2,0,1,3,1,3,1,1,1,2, , , , , , ,0,1946,0,0,0,0,0,1, ,4,52,45,0,0,1,0,1,0,0
0100, , , , ,1,0, , , , , , ,5,5,5,9,9,9,9,9,9,4,4,4,4,4, , , , ,3,3,4,4,4,4,1,1,1,1, , , , , , ,0,1944, , , , , , ,9,3,35,14,0,0,1,0,1,0,0
0101,0,1,0,0,1,1,2,2,4, ,1,1,5,3,4,9,9,9,9,9,9,4,4,4,4,4,4,4, ,9,2,2, , , , , ,4, , , , , , , , ,0,1960,0,0,0,0,0,1, ,3,14,4,0,0,1,0,1,0,0
0102,0,0,0,0,0,1, , , , , , ,4,5,3,3,3,2,1,9,9,2,2,2,2,2,2,2, , ,2,0,2,3,2,2,2,2,1,1, , , , , , ,0,1960,0,0,0,0,0,1, ,4,25,80,0,0, , , , , 
0103,0,0,0,0,0,1,3,2,3,4,3,3,4,5,3,9,9,9,9,9,9,9,9,9,9,9,9,9, , ,3,0,1,1,1,4,3,3,4,3, , , , , , ,0,1952, , , , , , ,9,5,45,60,1,0,2,45,0,1,0
0104,0,0,0,0,1,0,4,3,2,5,3,4,4,4,4,2,4,3,3,3,4,4,2,3,2,3,2,2, ,9,3,1,3,4,2,4,1,2,1,1, , , , , , ,1,1963,0,0,0,0,0,1, ,3,30,4,0,0,1, ,1,0,0
0105,0,0,0,0,1,0,3,2,2,5,3,3,5,4,5,9,4,9,3,3,9,3,9,9,1,9,9,9, , ,3,2,4,4,4,4,1,1,1,1, , , , , , ,0,1953,0,0,0,0,0,1, ,5,18,2.5,0,0,1, ,1,0,0
0106,1,1,1,1,0,0,4,3,2,4,3,2,4,5,5,9,3,3,3,2,9, , ,4,2, ,3,3, , ,3, ,4,4,2,4,2,2,2,1, , , , , , , ,1963,0,0,0,0,0,1, ,2,22,40,0,0,1, ,1,0,0
0107,0,0,0,0,0,0, , ,3, , , ,3,5,4,3,9,9,2,9,9,9,9,9,9,9,2,2, , ,2,0,1,1,1,1,1,1,2,2, , , , , , ,0,1954, , , , , , ,9,5,40,14,0,0,1, ,1,0,0
0108, , , , ,1,1,5, , , , , ,5,5,5,3,4,3,4,9,4,3,1,9,9,9,9,9, , ,3,0,3,3,3,4,1,1,1,1, , , , , , ,1,1952,0,0,0,0,0,1, ,2,30,2.6,0,0,1, ,1,0,0
0109,1,1,1,1,1,1, , , , , , ,5,5,5,3,4,9,3,9,9,2,2,4,1,2,3,1, ,9,0,0,1,2,1,2,3,3,3,3, , , , , , ,1,1955,0,0,0,0,0,1, ,2,15,3,0,0,1, ,1,0,0
0110,1,1,0,0,1,1,2,3,3,3, , ,3,3,3,2,2,2,2,2,2,2,2,3,2,3,3,3, , ,2,0, , , , , , , , , , , , , , ,0,1958,0,0,0,0,0,1, ,2,64,100,0,1,3, ,0,0,1
0111,0,0,0,0,0,0,4,4,4,4,4,4,5,4,5,2,2,2,4,3,3,4,4,3,3,4,2,2,1972, ,3,0,4,4,1,2, , ,4, , , , , , , ,1,1949,0,0,0,0,0,1, ,6,50,268,0,0,3,50,0,0,1
0112,0,0,0,1,0,0,2, , , , , ,5,5,4,9,4,4,1,9,9,1,9,2,1,9,2,9, ,99, , , , , , , , , , , , , , , , ,0,1952,0,0,0,0,0,1, ,3,39,1,0,0,1, ,1,0,0
0113,0,0,0,0,1,0,4,3,2,4,3,3,5,4,5,3,4,3,3,3,3,3,4,3,3,4,4,3, , ,3,3,2,2,1,4,3,3,2,4, , , , , , ,1,1974,0,0,0,0,0,1, ,6,6,4,1,0,2,0,0,1,0
0114,0,0,0,0,0,0,5,3,3,5,4,4,5,4,3,3,2,3,2,9,9,9,9,9,9,9,1,2, , ,3,3,2,2,2,1,1,1,1,1, , , , , , ,0,1947,0,0,0,0,0,1, ,4,20,5,0,0,1,0,1,0,0
0115,0,0,0,0,1,0,5,5,5,5,5,5,4,4,3,9,2,9,9,9,9,9,9,9,9,2,9,9, ,9,3,3,4,4,4,4,1,1,1,1, , , , , , ,0,1954,0,0,0,0,0,1, ,2,42,3,0,0,1,0,1,0,0
0116,0,0,1,1,1,1,4,3,4,4,3,3,4,4,4,9,9,9,9,9,9,9,9,9,9,9,9,9, , ,1,0,1,1,1,1,1,1,1,1, , , , , , ,0,1964,0,0,0,0,0,1, ,2,30,20,0,0,1,0,1,0,0
0117,0,1,0,1,1,1,1,1,1,3,1,4,5,5,4,3,3,9,9,4,9,4,4,3,3,4,4,2, , ,3,3,4,4,1,4,3,3,3,3,3,1,3,3,3,1,1, ,0,0,0,0,0,1, ,6,6,150,0,1,3, ,0,0,1
0118,0,0,0,0,0,0, , , , , , ,4,4,3,9,9,2,9,9,9,9,9,9,9,9,9,9, ,99, , , , , , , , , , , , , , , , ,1,1941,0,0,0,0,0,1, ,2, ,66,1,0,2, ,0,1,0
0119,0,0,0,0,0,0, , , , , , ,3,5,3,9,2,9,2,9,9,9,9,9,1,9,1,1, ,9,1,0,1,2,2,2,2,1, ,2,4, , , , , ,0,1944,0,0,0,0,0,1, ,2,58,500,0,0,3,66,0,0,1
0120,0,1,0,0,0,0,5,5,3,3,1,1,5,4,5,2,4,9,3,9,2,9,4,4,2,3,2,3, , ,2,0,1,4,1,4,1,1,2,1,3,2,3,3,3,9,0,1959,0,1,0,0,0,1, ,2,28,17,1,1,2,28,0,1,0
0121,0,0,0,0,0,1,5,3,5,3,3,2,4,4,5,1,2,2,4,4,1,9,2,1,2,1,2,1, , ,3,2,4,4,4,4,1,1,1,1,4,4,4,4,4,4,0,1949,0,0,0,0,0,1, ,6,73,125,0,1,3,73,0,0,1
0122,0,1,0,0,0,0,4,2, ,4,3,3,4,5,3,3,3,9,2,9,2,2,9,9,1,3,2,1, ,9,0,1,3,4,1,1,1,1,2,1, , , , , , ,0,1959,0,0,0,0,0,1, ,3,40,98,0,0,3,55,0,0,1
0123,0,1,0,0,0,0,4,3,2,4,3,1,5,4,3,3,3,9,3,9,1,9,9,2,1,3,1,1, , ,3,3,4,4,4,4,1,1,1,1, , , , , , ,0,1976,0,0,0,0,0,1, ,5,2,20,0,0,1, ,1,0,0
0124,0,0,1,0,0,0,3,3,2,4,2,2,5,5,3,1,4,4,4,2,2,3,4,4,4,4,3,3, , ,3,2,4,4,4,4,1,1,1,1, , , , , , ,1, ,0,0,0,0,0,1, ,3,25,40,0,0,1, ,1,0,0
0125,1,1,0,0,1,1,5,4,4,5,4,4,5,4,5,2,2,1,1,9,1,1,1,2,1,1,1,1, , ,3,3,4,4,4,4,1,1,1,1, , , , , , ,0,1959,0,0,0,0,0,1, ,3,36,65,0,0,2,36,0,1,0
0126,0,0,1,0,0,0,4,3,3,5,3,3,4,4,4,2,3,2,3,1,1,3,3,2,3,2,3,2, , ,0,0,2,2,2,2,4,4,1,2,3,1,1,1,1,1,1,1977,0,0,0,0,0,1, ,5,17,3,0,1,2,10,0,1,0
0127,0,0,0,0,0,0,4,3,2,4,3,2,5,5,5,1,4,4,3,9,4,4,4,4,9,4,3,3, ,9,2,2,1,1,1,1,2,2,4,4, , , , , , ,1,1983,0,0,0,0,0,1, ,6,11,1.5,1,0,2, ,0,1,0
0128,1,1,1,1,1,1,5,2,1,5,4,3,5,5,5,4,4,4,4,4,4,4,4,4,4,4,3,3, , ,3,3,2,4,4,4,3,3,1,3, , , , , , ,1,1965,0,0,0,0,0,1, ,2,28,2,0,0,1,0,1,0,0
0129,0,1,0,0,0,0,2,4,4,4,4,4,5,5,4,3,1,9,3,9,9,2,3,2,2,9,2,2, , ,3,3,4,4,4,4,1,1,1,1, , , , , , ,1,1976,0,0,0,0,0,1, ,3,20,45,0,0,1, ,1,0,0
0130,0,0,1,0,0,0,3,2,3,4,4,4,4,4,5,3,3,3,3,2,2,1,2,2,2,1,2,1, ,9,3,1,4,4,1,4,3,3,1,1,4,4,3,3,3,4,0,1950,0,0,0,0,0,1, ,4,50,400,1,1,3,60,0,0,1
0131,0,0,0,0,0,1,3,3,4,4,3,3,5,4,4,3,2,2,3,3,2,3,3,3,2,3,3,2, , ,2,2,4,4,4,4,2,2,1,1, , , , , , ,1,1983,0,0,0,0,0,1, ,3,15,10,1,0,2,15,0,1,0
0132,0,1,0,0,0,0,5,2,4,3,1,2,5,3,5,1,1,1,2,9,1,2,1,1,2,9,1,1, , ,3,3,4,4,4,4,1,1,1,1,4,4,9,4,4,4,0,1950,0,0,0,0,0,1, ,4,38,23,0,1,2,30,0,1,0
0133,1,1,1,0,0,0,2,3,4,2,4,4,4,4,4,3,4,3,3,9,1,4,3,3,3,4,3,3, , ,0,0,2,2,2,2,4,4,1,1, , , , , , ,1,1956,0,0,0,0,0,1, ,3,44,3.5,0,0,1, ,1,0,0
0134,0,1,0,0,0,1,4,4,1,4,2,2,5,4,4,4,4,4,3,3,3,4,4,4,4,3,4,4, , ,3,3,1,4,1,4,1,1,1,3, , , , , , ,0,1952,0,0,0,0,0,1, ,4,25,40,0,0,1, ,1,0,0
0135,0,1,0,0,1,1,5,4,4,5,5,3,5,5,5,1,3,9,1,9,9,9,2,9,9,9,3,3, ,9,3,0,2,2,2,1,3,3,4,4, , , , , , ,9,1965,0,0,0,0,0,1, ,3,30,5,1,0,2, ,0,1,0
0136,0,0,0,0,1,0,3, , , , , ,5,4,5,9,9,9,9,9,9,4,4,4,4,4,4,4,2007, ,3,3,4,4,3,4,1,1,1,1, , , , , , ,1,1956,0,0,0,0,0,1, ,3,25,7.25,1,0,2, ,0,1,0
0137,0,1,0,0,0,0,3,3,3,4,3,4,5,5,4,3,3,9,4,9,3,3,3,4,2,4,3,3,2006, ,3,0,2,2,1,1,1,1,4,4,4,4,4,4,2,4,0,1951,0,0,0,0,0,1, ,5,16,173,0,1,3,12,0,0,1
0138,0,0,0,0,0,0,3, , , , , ,4,4,4,1,2,9,1,9,1,9,1,9,3,3,1,9, ,9,3,3,2,2,1,4,2,2,2,1, , , , , , ,0,1961,0,0,0,0,0,1, ,3,27,4,0,0,1,0,1,0,0
0139,0,0,0,0,0,1,3,3,4,4,3,3,4,5,3,2,2,9,9,9,9,9,9,2,1,9,1,2, , ,3,3,4,4,4,4,1,1,1,1, , , , , , ,0, ,0,0,0,0,0,1, ,5,18,48,0,0,1, ,1,0,0
0140,1,1,1,1,1,1,4,2,2,4,2,2,5,3,4,3,4,3,3,3,1,9,4,4,4,4,4,4, , ,2,2,4,4,4,4,1,1,1,1, , , , , , ,0,1960,0,0,0,0,0,1, ,2,35,4.5,0,0,1,0,1,0,0
0141,0,1,1,0,0,0,3,2,1,3,2,3,5,5,4,9,3,9,3,3,9,3,3,4,9,3,4,3, , ,3,3,2,2,2,4,1,1,1,1, , , , , , ,0,1977,0,0,0,0,0,1, ,3,7,5,1,0,2,7,0,1,0
0142,0,1,0,0,0,0,2,1,1,3,2,1,4,4,3,3,9,9,3,9,1,3,3,3,2,2,1,1, ,9,3,3,2,3,1,1,1,2,3,4, , , , , , ,1,1990,0,0,0,0,0,1, ,5,3,1,0,0,1, ,1,0,0
0143,0,1,0,0,0,0,2,2,3,4,1,1,5,4,4,9,3,9,9,9,9,9,2,9,3,9,9,9, , ,3,0,1,1,1,1,2,3,4,4, , , , , , ,1,1952,0,0,0,0,0,1, ,3,14,7,0,0,1, ,1,0,0
0144,1,1,1,1,1,1,5,5,5,5,3,3,5,5,5,2,2,2,2,2,2,3,3,4,4,4,4,4,1979, ,3,0,2,2,2,2,3,3,3,3,2,2,2,2,2,2,0,1976,0,0,0,0,0,1, ,4,2,35,0,1,2,2,0,1,0
0145,1,1,1,1,1,1,4,2,1,4,2,2,5,4,4,3,3,3,4,4,3,2,2,4,3,3,4,4, ,9,3,2,1,1,1,1, , ,1,1, , , , , , ,0,1954,0,0,0,0,0,1, ,6,42,20,0,0,1,40,1,0,0
0146,0,0,1,0,0,0, , , , , , ,5,4,5,2,9,9,1,9,9,4,4,4,4,4,4,4, , ,0,0,3,4,1,4,1,1,4,4,3,4,4,3,4,3,1,1966,0,0,0,0,0,1, ,5,28,85,1,1,3,28,0,0,1
0147,0,0,0,0,0,1,3,3,3,3,3,3,5,5,4,3,3,9,2,9,9,2,1,1,1,1,1,1, ,9,1,0,1,3,2,4,1,2,2,4,4,4,9,3,4,3,0,1938,0,0,0,0,0,1, ,2,52,160,1,1,3,70,0,0,1
0148,0,0,0,0,0,1,3,3,3,4,3,3,5,4,5,4,4,9,3,9,9,3,9,9,2,3,3,3, , ,3,3,2,2,1,1,1,1,3,4, , , , , , ,1,1952,0,0,0,0,0,1, ,6,18,8,0,0,1, ,1,0,0
0149,1,1,1,1,1,1,4,4,4,4,4,4,5,5,4,9,9,9,9,9,9,9,9,9,9,9,9,9,1994, ,1,1,3,3,3,3,3,3,3,3, , , , , , ,1,1955,0,0,0,0,0,1, ,1,44,1,0,0,1, ,1,0,0
0150,0,0,0,0,0,1,2,2,2,4,3,3,5,5,4,2,3,9,3,9,9,3,2,9,2,9,2,2, , ,3,3,4,4,4,4,1,1,1,1, , , , , , ,1,1971,0,0,0,0,0,1, ,6,10,3,0,0,1, ,1,0,0
0151,0,1,0,0,0,0,4,1,1,5,3,3,4,5,4,1,2,2,2,2,2,4,4,4,3,3,4,4, , ,3,0,2,2,2,2,1,1,1,1, , , , , , ,0, ,0,0,0,0,0,1, ,5,4,24,0,0,1, ,1,0,0
0152,0,1,0,0,0,0,2,3,2,4,4,4,5,4,5,3,3,3,3,3,3,3,2,3,2,2,2,3, , ,3,0,1,1,1,2,2,3,3,3,4,1,3,3,4,2,0,1959,0,0,0,0,0,1, ,3,26,30,1,1,2,21,0,1,0
0153,0,0,0,0,0,1,3,1,1,2,2,2,3,4,5,9,9,9,9,9,9,3,9,9,2,9,3,3, ,9,3,0,1,1,1,4,1,1,3,1, , , , , , ,1,1959,0,0,0,0,0,1, ,2,39.5,1,0,0,1, ,1,0,0
0154,0,0,0,0,0,1,4,3,3,5,4,4,4,4,4,1,3,9,2,9,3,3,9,9,2,3,2,2, ,9,3,0,2,4,2,4,3,4,3,3, , , , , , ,1,1959,0,0,0,0,0,1, ,6,18,15,0,0,1, ,1,0,0
0155,1,0,0,0,0,0,5,5,5,5,5,5,5,4,3,1,9,9,1,9,1,3,2,3,3,2,3,3, ,9,3,3,4,4,1,4,1,1,1,2, , , , , , ,1,1958,0,0,0,0,0,1, ,4,29,6,0,0,1,0,1,0,0
0156,0,0,0,0,0,0,1,3,2,4,1,2,4,5,4,3,4,3,2,3,9,2,2,2,3,2,2,9, , ,3,0,2,2,2,4,1,1,1,1, , , , , , ,0,1954,0,0,0,0,0,1, ,2,50,10,0,0,1,0,1,0,0
0157,1,1,0,0,1,1,5,1,2,5,2,2,5,5,5,3,3,2,4,9,1,9,9,3,3,9,4,3, , ,2,0,1,1,1,1,1,2,4,4, , , , , , ,1,1978,0,0,0,0,0,1, ,4,10,3,0,0,1, ,1,0,0
0158,0,1,0,1,1,1,4,3,2,4,3,3,4,5,3,2,3,3,1,9,1,2,2,3,2,9,2,2, , ,3,3,2,2,1,2,2,3,3,3, , , , , , ,0,1974,0,0,0,0,0,1, ,3,30,100,0,0, , , , , 
0159,1,1,1,1,1,1,2,1,2,4,1,1,5,4,3,4,4,4,4,9,9,4,4,4,4,4,4,4, , ,3,0,1,2,1,2,2,3,2,2,9,9,9,9,9,9,0,1949,0,0,0,0,0,1, ,5,43,60,0,1,2, ,0,1,0
0160,0,0,1,1,0,1,3,3,3,4,1,1,4,4,4,2,3,3,3,2,2,3,3,3,3,3,3,3, , ,3,3,4,4,4,4,1,2,1,1, , , , , , ,1,1961,0,0,0,0,0,1, ,4,25,1,0,0,1, ,1,0,0
0161,0,0,0,0,0,0,3,3,3,3,3,3,4,4,3,9,9,9,9,9,9,9,9,9,9,9,9,9, , ,1,0,1,1,1,1,1,1,1,1, , , , , , ,1,1938,0,0,0,0,0,1, ,5,51,40,0,0,1,0,1,0,0
0162, , , ,1,1,1, , , , , , ,4,4,4,9,9,9,3,9,9,3,3,3,3,9,3,2,1972, ,3,0,1,1,1,1,1,1,2,2, , , , , , ,1,1962,0,0,0,0,0,1, ,5,6,6,1,0,2,0,0,1,0
0163,0,0,0,0,0,0, , , , , , ,4, ,3,2,2,3,3,2,1,1,1,1,1,1,1,1, , ,3,3,2,2,2,2,3,3,3,3, , , , , , ,1,1944,0,0,0,0,0,1, ,3,15,58,0,0, ,0, , , 
0164,0,1,0,0,0,0,4,4,4,4,4,4,3,4,3,1,2,1,1,1,1,1,1,2,1,2,1,1, ,9,3,2,4,4,4,4,1,1,1,1, , , , , , ,0,1965,0,0,0,0,0,1, ,2,25,2.16,0,0,1, ,1,0,0
0165,0,0,0,0,0,1,2,2,2,4,2,2,5,5,5,9,9,9,9,9,9,4,4,4,4,4,4,4, ,9,1,0,2,2,1,1,3,4,4,4, , , , , , ,1,1955,0,0,0,0,0,1, ,5,43,19.5,0,0,1, ,1,0,0
0166,0,0,0,0,0,1,2,2,5,5,3,3,5,3,3,3,1,1,2,1,1,3,9,9,9,2,2,1,2002, ,3,3,2,4,2,4,2,3,1,1, , , , , , ,9, , , , , , , ,9, ,17,3,0,0,1, ,1,0,0
0167,1,0,0,0,0,0,1,3,3,3,2,3,5,4,5,9,9,9,3,9,9,3,9,9,3,2,3,3, , ,2,0,1,1,1,1,4,4,4,4, , , , , , ,1,1990,0,0,0,0,0,1, ,5,5,0.5,0,0,1, ,1,0,0
0168,0,1,0,1,1,1,5,4,1,5,5,1,4,5,4,3,3,1,4,1,1,1,1,4,4,1,4,4, ,99, , , , , , , , , , , , , , , , ,0,1964,0,0,0,0,0,1, ,2,25,30,0,0,1,0,1,0,0
0169,0,0,0,1,0,0,3,4,4,4,2,2,5,5,4,3,3,3,3,2,2,4,4,4,2,2,3,3, , ,2,0,2,4,4,4,2,2,2,2, , , , , , ,1,1982,0,0,0,0,0,1, ,6,8,10,1,0,2, ,0,1,0
0170,0,0,0,0,0,1,3,3,2,4,3,2,4,4,4,9,2,9,9,9,1,3,1,1,2,2,2,2, , ,2,0,1,2,1,1,2,2,4,4, , , , , , ,0,1953,0,0,0,0,0,1, ,3,30,62,0,0, , , , , 
0171,0,0,0,0,0,1,3,2,3,5,4,4,5,3,4,3,3,2,2,9,2,3,3,3,2,3,3,3,1965, ,3,0,1,4,1,4,1,1,4,3, , , , , , ,0,1954,0,0,0,0,0,1, ,4,32,17,1,0,2,0,0,1,0
0172,0,1,0,0,1,1,2,2,2,2,2,2,4,4,3,3,3,3,3,3,3,3,3,3,3,4,3,1, , ,3,3,4,4,4,4,1,1,1,1, , , , , , ,0, ,0,0,0,0,0,1, ,2,30,12,1,0,2, ,0,1,0
0173,1,0,0,0,0,0,4,3,2,4,4,3,4,5,4,2,3,2,2,9,9,9,9,9,9,3,2,2, , ,2,0,3,4,1,1,1,1,1,1,4,2,4,4,4,1,1,1951,0,0,0,0,0,1, ,6,49,100,0,1,3,49,0,0,1
0174,0,0,0,0,0,0,3,3,4,5,4,3,5,4,4,3,3,3,2,1,9,3,1,1,1,2,2,2, , ,3,0,1,4,1,3,3,2,3,3,3,2,3,3,4,2,0,1950,0,0,0,0,0,1, ,5,34,5,0,1,2, ,0,1,0
0175,0,0,0,0,0,1,3,1,4,5,5,5,4,3,4,1,2,3,4,9,1,3,4,4,3,3,4,4, ,9,3,2,2,4,2,3,3,3,3,3, , , , , , ,9,1996,0,0,0,0,0,1, ,3,3,3,1,0,2, ,0,1,0
0176,0,1,0,0,1,1, , , , , , ,5,5,5,1,1,1,1,1,1,1,1,1,1,1,1,1,1973, , , ,4,4,4,4,1,1,1,1, , , , , , ,0,1948,0,0,0,0,0,0,9,4,45,26,0,0,1,0,1,0,0
0177,9,0,9,0,1,1,5, ,1, ,2,1,5,4,5,3,4,3,3,9,1,4,3,3,2,4,4,1, , ,3,3,4,4,1,4,1,1,1,1, , , , , , ,0,1954,0,0,0,0,0,1, ,3,40,3,0,0,1,0,1,0,0
0178,1,0,0,0,0,0,5,5,5,3,3,2,4,4,3,9,9,9,9,9,9,9,9,9,9,9,9,9, , ,3,3,2,2,2,2,2,4, , , , , , , , ,0,1954,0,0,0,0,0,1, ,3,21,8,1,0,2,0,0,1,0
0179,9,9,9,9,0,0, , , , , , ,4,4, , , , , , , , , , , , , , , , ,2,0,1,1,1,1, , , , , , , , , , ,1,1945,0,0,0,0,0,1, ,2,30,5,0,0,2,0,0,1,0
0180,0,1,0,0,0,0,3,3,3,4,3,3,4,5,4,4,3,2,2,2,2,1,9,3,1,2,2,2, , ,2,1,2,2,1,4,1,1,1,2, , , , , , ,0,1970,0,0,0,0,0,1, ,6,25,15,1,0,2,0,0,1,0
0181,0,1,0,0,0,0,4,4,4,5,3,3,4,5,4,9,9,9,9,9,9,2,3,9,9,9,2,2, , ,3,3,4,4,4,4,2,2,1,1, , , , , , ,0,1953,0,0,0,0,0,1, ,3,45,10.1,0,0,1, ,1,0,0
0182,0,0,0,0,0,1, , , , , , ,4,3,4,1,9,9,1,9,9,2,2,2,1,3,3,3, ,9,3,0,1,1,1,1,1,1,4,4, , , , , , ,1,1991,0,0,0,0,0,1, ,4,2,2,0,0,1,0,1,0,0
0183,0,0,0,1,0,0,4,3,4,4,3,3,4,3,3,2,3,9,3,9,1,3,4,2,3,3,2,2, , ,3,3,4,4,2,4,3,4,1,2, , , , , , ,1,1976,0,0,0,0,0,1, ,6,14,2,1,0,2, ,0,1,0
0184, , , , , , , , , , , , ,5,5,4,4,4,9,1,9,3,2,3,4,2,3,3,3, , ,3,2,4,4,4,4,1,1,1,1, , , , , , ,0,1964,0,0,0,0,0,1, ,4,58,76,0,0,2,20,0,1,0
0185,0,0,0,1,1,1,4,3,4,5,2,2,5,4,4,3,2,2,2,2,2,2,2,2,3,2,2,3, ,9,3,1,3,4,2,2,2,2,3,1, , , , , , ,1,1957,0,0,0,0,0,1, ,3,22.5,7,1,0,2, ,0,1,0
0186,0,1,0,0,1,1,5,1,1,5,5,5,5,5,4,2,3,9,2,1,3,1,1,4,3,1,2,2, , ,3,0,4,4,1,4,1,1,1,1, , , , , , ,0,1939,0,0,0,0,0,1, ,3,70,80,0,0, , , , , 
0187,1,1,0,0,0,0,5,4,4,5,4,4,4,5,4,2,3,9,3,9,9,3,2,2,2,2,3,3, , ,3,2,1,1,1,1,1,1,3,3,4, , , ,4, ,1,1965,0,0,0,0,1,0, ,5,19,80,1,1,3,19,0,0,1
0188,0,1,0,0,0,0,3,2,4,2,1,1,4,5,5,4,4,4,4,4,4,2,2,4,2,1,3,4, ,9,3,0,4,4,4,4,1,1,1,1, , , , , , ,0,1948,0,0,0,0,0,1, ,4,40,130,0,0, ,0, , , 
0189,0,0,0,0,1,1,3,2,1,4,3,4,5,5,4,3,3,9,9,9,9,4,4,3,3,4,3,3, , ,3,1,2,2,2,2,2,2,3,3, , , , , , ,0,1952,0,0,0,0,0,1, ,3,40,100,1,0,3, ,0,0,1
0190,0,0,0,0,0,1,4,1,4,4,1,1,4,5,3,2,2,3,3,2,1,2,4,4,4,3,3,2, ,9,0,0,2,2,2,2,4,4,3,2,4,4,4,4,2,2,1,1949,0,0,0,0,0,1, ,3,51,38,0,1,2,49,0,1,0
0191,0,0,0,1,0,0,1,1,1,1,1,1,4,5,3,9,9,9,9,9,9,9,9,9,9,9,9,9, , ,3,0,1,1,1,1,1,3,2,4, , , , , , ,0,1949,0,0,0,0,0,1, ,5,48,1,0,0,1,0,1,0,0
0192,1,0,0,0,0,0,5, , , , , ,3,4,3,2,2,3,4,2,1,1,3,4,3,2,3,2, ,9,3,0,1,1,1,1,2,4,2,2, , , , , , ,0,1957,0,0,0,0,0,1, ,3,25,3,0,0,1,0,1,0,0
0193,0,1,0,0,0,0,4,3,2,5,1,1,4,4,4,3,3,3,3,3,3,3,3,3,3,3,3,3, , ,3,3,1,2,1,4,3,3,3,3, , , , , , ,1,1986,0,0,0,0,0,1, ,3,2,5,1,0,2,0,0,1,0
0194,0,0,0,0,1,0,4,2,1,4,2,2,4,4,4,2,4,4,2,2,3,3,2,3,4,3,2,4, , ,2,0,4,4,4,4, ,4, , , , , , , , ,0,1960,0,0,0,0,0,1, ,3,11,2.5,0,0,1,52,1,0,0
0195,0,0,0,1,1,1,4,2,4,5,5,4,4,5,4,3,3,4,3,3,4,3,4,4,3,4,4,4, , ,0,1,1,2,1,2,3,2,4,4, , , , , , , , , , , , , , , , , , ,0,0,1, ,1,0,0
0196,0,1,0,0,0,0,3,3,3,3,3,3,4,4,4,2,2,2,2,2,2,1,1,1,1,1,2,1, , ,3,3,2,2,1,4,1,1,1,1,4,4,4,2,4,4,0,1970,0,0,0,0,0,1, ,4,25,269,1,1,3,25,0,0,1
0197,0,0,0,0,0,0,3, , , , , ,4,3,3,3,3,3,3,3,3,3,2,1,1,2,3,3, , , ,3,2,2,2,2,3,3,3,3, , , , , , ,1,1957,0,0,0,0,0,1, ,2,64,5,1,0,2,0,0,1,0
0198,1,9,9,1,1,1,3,2, ,4,3,3,5,5,3,3,3,3,3,9,3,2,2,2,2,3,3,3, ,9, , , , , , , , , , , , , , , , ,1,1942, , , , , , , ,2,35,1,0,0,1, ,1,0,0
0199,0,0,0,0,0,1,2,1,3,4,3,3,5,4,4,1,1,9,1,9,1,2,1,2,1,1,1,1,1964, ,3,1,4,4,4,4,1,1,1,1,4,4,4, ,4,4,9,1942,0,0,0,0,0,1, ,3,58,110,0,1,3,60,0,0,1
0200,0,0,0,0,0,1,4,4,2, ,3,2,5,4,5,9,3,3,3,9,9,4,2,9,2,9,2,9, , , , ,1,1,1,1,2,1,4,4, , , , , , ,1,1989,0,0,0,0,0,1, ,5,3.5,20,1,0,2, ,0,1,0
0201,0,0,1,0,0,0,3,3,2,5,3,3,5,4,5,3,3,2,2,9,9,3,4,4,3,4,3,2, , ,3,3,2,2,2,2,2,2,2,2,4,1,3,4,3,4,1,1982,0,0,0,0,0,1, ,5,0.5,50,0,1,2,0,0,1,0
0202,1,1,0,0,0,0,4,4,4,4,3,2,4,3,4,3,3,3,1,3,2,3,1,1,4,4,2,1, , ,3,1,1,1,1,4, , ,4,4, , , , , , ,1,1964,0,0,0,0,0,1, ,6,20,40,0,0,1,0,1,0,0
0203,0,0,1,0,0,0, , , , , , ,5,4,4,9,9,9,9,9,9,3,4,4,3,3,3,3, , , , ,1,1,1,1,1,1,4,4, , , , , , ,0,1979,0,0,0,0,0,1, ,6,1,3,0,0,1,0,1,0,0
0204,0,1,0,0,0,0,3, ,1,4, , ,5,5,5,2,3,9,3,9,9,9,2,3,2,2,1,9, ,9,1,0,1,4,1,3,1,3,4,4, , , , , , ,1,1954,0,0,0,0,0,1, ,4,39,40,0,0,1, ,1,0,0
0205,1,1,1,9,1,1,5,2,4,5,5, ,5,5,4,1,1,1,1,1,1,9,9,9,9,9,9,9, , ,3,0,1,1,1,1, , , ,1, , , , , , ,0,1941,0,0,0,0,0,1, ,6,44,80,0,0, , , , , 
0206,0,0,1,0,0,0, , , , , , ,5,4,3,9,3,3,3,9,9,3,9,3,3,9,3,3, , ,3,0,1,2,1,2,3,3,3,3, , , , , , ,1,1979,0,0,0,0,0,1, ,6,7,8,0,0,1,0,1,0,0
0207,0,0,1,0,0,0,3,3,3,3,3,3,4,3,5,9,9,9,9,9,9,9,9,9,2,9,1,9,1985, ,3,3,1,2,1,1,3,1,2,2, , , , , , ,0,1967,0,0,0,0,0,1, ,6,26,1.5,0,0,1, ,1,0,0
0208,0,0,0,1,0,0,5,4,4,5,3,3,4,5,4,2,9,9,1,9,1,2,9,9,2,9,9,9, , ,3,0,2,4,1,2,1,1,3,2, , , , , , ,1,1990, ,0,0,0,0,1, ,5,7.5,76.5,0,0, ,0, , , 
0209,0,1,1,1,1,1,1,1,1,3,1,1,5,4,4,3,4,4,4,4,3,4,4,4,3,3,4,3, , ,3,0,1,1,1,1, ,4, ,4, , , , , , ,1,1952,0,0,0,0,0,0,9,6,70,78,0,0, , , , , 
0210,1,1,1,1,1,1,3,2,2,4,3,4,5,4,5,3,4,4,2,9,3,4,4,3,3,4,4,4,2020, ,3,3,4,4,3,4,1,1,1,1, , , , , , ,0,1954,0,0,0,0,0,1, ,3,33,20,1,0,2,30,0,1,0
0211,1,0,0,0,0,0,3,1,1,3,1,1,4,4,4,1,3,2,4,1,1,9,4,4,9,9,9,9, , ,2,0,1,1,1,1,1,1,1,1, , , , , , ,9,1989,0,0,0,0,0,0,9,2,7,5,0,0,1,0,1,0,0
0212,0,0,0,0,0,0,2,3,4, , , ,4,3,4,1,9,9,9,9,9,9,1,1,1,1,1,1, ,9,3,0,3,4,3,3,3,3,2,1,4,4,4,3,4,4,0,1956,0,0,0,0,0,1, ,3,60,1100,1,1,3,48,0,0,1
0213,0,1,0,0,0,0,4,3,2,4,2,2,4,4,5,9,9,1,2,9,9,9,9,9,9,9,9,9, , , , ,1,1,1,1,1,1,1,1, , , , , , ,0,1984,0,0,0,0,0,1, ,5,1,10,0,0,1,0,1,0,0
0214,0,0,1,0,0,0,3,3,4,5,4,3,5,5,3,2,3, ,3,2,2,3,2,2,2,9,3,3, , ,2,0,2,4,4,4,1,1,1, , , , , , , ,0,1936,0,0,0,0,0,0,9,6,57,19,1,0,2,0,0,1,0
0215,0,1,0,0,0,0,3,3,4,3,3,3,4,4,4,4,1,1,1,1,1,3,3,3,3,3,3,2, , ,3,3,4,4,4,4,3,3,1,1, , , , , , ,0,1979,0,0,0,0,0,1, ,5,17,10,0,0,1,0,1,0,0
0216,0,1,0,0,0,0,4,3,1,5,4,3,4,3,3,1,3,3,3,2,2,2,2,4,1,1,3,4, , ,3,2,4,4,4,4,3,3,3,3, , , , , , ,0,1993,0,0,0,0,0,1, ,2,3,6,1,0,2,0,0,1,0
0217,0,1,0,0,0,0,4,4,3,5,3,3,4,5,4,2,3,2,1,9,9,1,1,1,1,3,1,3, ,9,2,2,4,4,2,4,3,3,2,2, , , , , , ,0,1969,0,0,0,0,0,1, ,2,3,2.5,1,0,2,0,0,1,0
0218,0,1,0,0,0,0,5,3,3,5,4,3,5,4,5,2,3,1,1,1,1,9,4,4,9,4,4,4,2010, ,2,0,1,1,1,1,2,3,4,4,1,2,2,2,1,1,0,1955,0,0,0,0,0,1, ,6,6,36,1,1,2,6,0,1,0
0219,1,1,0,0,0,1,5,5,5,5,5,5,5,5,3,1,1,1,1,1,9,9,4,4,4,4,4,4, , ,3,3,4,4,4,4,1,1,1,1, , , , , , ,0,1960,0,0,0,0,0,1, ,5,20,10,0,0,1, ,1,0,0
0220,0,1,0,0,0,0,4,3,3,4,3,3,4,5,3,2,3,2,9,9,9,9,9,9,9,9,9,9, , ,3,3,1,4,4,4,1,1,1,1, , , , , , ,0,1974,0,0,0,0,0,1, ,5,19,10,0,0,1,0,1,0,0
0221,0,0,0,0,1,0,3,1,4,5,4,3,5,4,5,9,4,9,3,3,9,4,4,3,3,4,4,4, , ,3,3,1,4,1,4,1,1,4,4, , , , , , ,1,1968,0,0,0,0,0,1, ,6,27,12,1,0,2,0,0,1,0
0222,0,0,0,0,0,0, , , , , , ,5,5,4,2,2,2,4,2,2,2,1,1,2,2,2,1, , ,2,0,1,1,1,1,3,3,3,3, , , , , , ,1,1948,0,0,0,0,0,1, ,3,24,3.5,0,0,1,0,1,0,0
0223,0,1,0,0,0,0,4,4,4,4,4,4,5,3,5,3,3,3,3,9,9,9,9,9,9,9,2,2, , ,2,1,2,4,1,4,1,1,1,1, , , , , , ,0,1953,0,0,0,0,0,1, ,2,44,70,1,0,2,35,0,1,0
0224,0,1,0,0,0,1, , , , , , ,5,5,4,9,9,9,9,9,9,9,4,9,9,9,9,1, , ,3,0,2,4,1,4,1,1,1,1, , , , , , ,1,1944,0,0,0,0,0,1, ,6,53,37,0,0,1,0,1,0,0
0225,0,0,0,0,0,0, , , , , , ,5, , ,9,9,9,9,9,9,9,9,9,9,9,9,9, ,9,0,0,1,1,1,1, , , , , , , , , , ,9, ,0,0,0,0,0,0,9, , , ,0,0,1,0,1,0,0
0226,0,0,1,0,0,0,4,3,3,4,4,2,4,4,4,2,9,9,3,9,1,9,4,4,3,4,3,3, ,9,2,0,2,2,1,1,1,4,3,2, , , , , , ,1,1964,0,0,0,0,0,1, ,5,6,2.5,0,0,1, ,1,0,0
0227,0,0,0,0,0,1,4,3,3,4,4,3,4,3,5,9,4,9,4,9,9,4,2,2,2,2,3,3, , ,3,0,2,4,1,1,1,1,3,4, , , , , , ,0,1951,0,0,0,0,0,1, ,6,7,3.5,0,0,1, ,1,0,0
0228,0,1,0,0,0,0,4,3,1,3,1,1,5,4,5,3,4,9,3,9,1,1,1,9,3,1,3,1, ,9,0,0,3,4,4,3,3,4,2,1,3,3,3,3,9,2,0,1983,0,0,0,0,0,1, ,2,8,15,0,1,2,4,0,1,0
0229,0,0,1,0,0,0,3,3,3,3,3,3,5,4,4,9,9,9,2,9,9,9,9,9,9,9,9,9, , , , , , , , , , , , ,3,2,3,2,2,2,0,1956,0,0,0,0,0,1, ,2,43,144,1,1,3,45,0,0,1
0230,1,0,0,1,0,1,4,4,3,5,5,5,4,5,4,9,3,2,2,9,9,2,3,3,3,9,3,3, , ,2,2,1,2,1,4,4,4,3,3, , , , , , ,0,1951,0,0,0,0,0,1, ,6,42,70,0,0, , , , , 
0231,0,1,0,0,0,0,4,1,1,3,2,2,4,4,5, , , , , , ,1,1,1,1,1,1,1, , ,3,0,1,1,1,1,1,1,1,1, , , , , , ,0,1948,0,0,0,0,0,1, ,6,40,10,0,0,1,0,1,0,0
0232,0,1,0,0,0,0,4,3,3,3,3,3,4,4,3,3,2,3,4,9,1,9,2,1,9,9,1,2,1997, ,3,3,4,4, ,4,1,1,1, , , , , , , ,0,1959,0,0,0,0,0,1, ,3,41,7,0,0,1, ,1,0,0
0233,0,1,0,0,0,0,4,3,4,4,3,2,5,4,4,2,3,3,4,3,9,3,4,3,4,4,3,3, , ,3,3,4,4, ,4,1,2,1,1, , , , , , ,0,1970,0,0,0,0,0,1, ,5,20,5,1,0,2,52,0,1,0
0234,0,0,0,0,1,1,4,3,2, , , ,5,5,3,4,4,4,4,4,2,4,4,4,4,4,4,4, , ,1,3,2,2,2,2, ,4, , , , , , , , ,9,1961,0,0,0,0,0,1, ,3,25,5,0,0,1, ,1,0,0
0235,0,0,0,0,0,0,5,5,5,5,5,5,5,4,4,2,2,9,2,9,2,2,2,1,2,3,2,2, , ,1,1,4,4,2,4,3,2,1,1, , , , , , ,0,1939,0,0,0,0,0,1, ,6,82,80,0,0, ,0, , , 
0236,0,0,0,0,0,0,3,3,3,3,1,1,4,3,5,1,3,2,3,4,1,9,9,9,9,3,9,9, ,9,2,1,4,4,4,4,1,1,1,1, , , , , , ,0,1982,0,0,0,0,0,1, ,5,11,10,1,0,2, ,0,1,0
0238,0,1,0,0,0,0,4,3,3,4,4,4,4,4,4,3,3,9,2,9,2,3,2,4,2,2,2,2, , ,0,0,4,4,1,3,3,2,2,2, , , , , , ,0,1981,0,0,0,0,0,1, ,2,12,2.5,0,0,1,0,1,0,0
0239,0,1,0,0,0,0,3,2,2,4,3,3,4,5,4,3,3,1,2,9,1,1,2,2,2,1,2,2, , ,3,1,1,3,1,4,1,2, ,3, , , , , , ,0,1957,0,0,0,0,0,1, ,3,20,18,0,0,1, ,1,0,0
0240,0,1,0,1,0,1,4,3,3,5,4,4,5,5,4,1,2,9,2,9,9,2,9,1,1,9,1,2, , ,3,3,3,3,3,4,1,1,1,1, , , , , , ,0,1955,0,0,0,0,0,1, ,3,44,1,0,0,1,0,1,0,0
0241,0,0,1,0,0,0,3,2,4,4,1,3,5,4,5,4,4,2,2,9,3,4,1,4,1,4,1,3, , ,3,0,1,1,4,4,3,4, ,4, , , , , , ,1,1981,0,0,0,0,0,1, ,5,13,2.5,0,0,1, ,1,0,0
0242,1,1,1,0,0,0,4,4,4,1,1,1,4,5,4,1,1,1,2,1,1,2,2,2,2,1,2,2, ,9,3,3,2,4,1,4,1,1,1,1,4,3,4,3,4,3,9, ,0,0,0,0,0,0,9,3, , ,0,1,3, ,0,0,1
0243,0,0,0,0,0,0,5, ,2, , , ,3,4,4,4,4,1,9,9,9,3,4,9,3, ,9,9, ,9,3,1,1,1,1,1,1,1,4,4, , , , , , ,1,1952,0,0,0,0,0,1, ,3,21,15,0,0,1,0,1,0,0
0244,0,0,0,0,0,1, , , , , , ,4,4,3,2,9,9,3,9,9,3,9,9,1,9,2,2,2004, ,3,3,3,3,3,4,1,1,1,1, , , , , , ,0,1958,0,0,0,0,0,1, ,4,18,10,1,0,2, ,0,1,0
0245,0,0,0,0,0,1, , , , , , ,5,4,4,9,9,9,9,9,9,9,4,4,4,4,4,4, , ,1,0,1,1,1,1, , , ,4, , , , , , ,0,1954,0,0,0,0,0,1, ,2,23, ,0,0,1, ,1,0,0
0246, ,1, ,1, ,1,2,2,4,4,2,2,4,3,4,3,3,9,3,9,9,3,9,9,9,9,9,9, , ,3,3,4,4,4,4,1,1,1,1,4,4,4,4,4,4,0,1944,0,0,0,0,0,1, ,6,70,120,0,1,3,50,0,0,1
0247,0,0,0,1,1,1,5, ,5,1,5,1, ,4,4,1,1,9,1,3,1,9, ,4,1,1,1,1, ,9,2,0,4,4,4,4,1,1,1,1,4,9,9,9,9,9,0, ,0,0,0,0,0,0,9,3, , ,1,1,3, ,0,0,1
0248,1,1,0,0,0,0,3,3,1,4,1,1,5,5,4,3,4, ,3,2,2,9,4,2,4,2,2,1, , ,2,0,3,2,2,2, , ,4, , , , , , , ,0,1993,0,0,0,0,0,1, ,4,4,5.75,0,0,1, ,1,0,0
0249,0,0,0,0,0,0,3,3,2,5,4,4,5,4,4,4,4,9,2,9,9,3,1,2,1,1,3,2, ,9,1,2,2,2,2,2,3,3,3,3, , , , , , ,0,1991,0,0,0,0,0,1, ,5,1.5,20,0,0,1, ,1,0,0
0250,0,0,1,0,0,0,5,4,4,3,2,2,4,4,5,1,9,9,1,9,1,2,1,9,1,9,1,1, ,9,2,0,2,4,2,4,3,4,2,2, , , , , , ,0,1940,0,0,0,0,0,1, ,6,45,3,0,0,1, ,1,0,0
0251,0,1,0,0,0,0,4,3,3,4,4,4,5,4,5,3,3,9,9,9,2,2,2,3,2,4,2,9, , ,0,0,4,4,2,2,1,1,1,2, , , , , , ,1,1960,0,0,0,0,0,1, ,6,3,85,1,0,3,0,0,0,1
0252,1,1,0,0,0,0, , , , , , ,5,4,4,3,9,9,3,9,3,9,9,3,9,9,3,3, ,9,3,0,1,1,1,1,1,4,3, , , , , , , ,0,1962,0,0,0,0,0,1, ,5,25,3,0,0,1,0,1,0,0
0253,0,1,0,0,0,0,3,2,4,5,4,3,5,4,4,1,3,2,2,9,1,2,2,4,1,2,2,2, , ,3,3,1,4,3,4,1,3,2,1, , , , , , ,0,1981,0,0,0,0,0,1, ,5,7,5,1,0,2, ,0,1,0
0254,0,1,0,0,0,0,1,1,3,4,3,2,5,4,5,4,4,2,4,2,4,2,2,4,2,4,3,3,2017, ,2,2,4,4,4,4,1,1,1,1, , , , , , ,0,1988,0,0,0,0,0,1, ,5,4,2.5,1,0,2,34,0,1,0
0255,0,1,0,0,0,0,3,3,3,3,3,3,4,4,4,1,2,3,3,3,3,2,3,3,1,9,9,9, , ,3,3,1,2,1,1,1,1,3,1, , , , , , ,1,1964,0,0,0,0,0,1, ,2,30,30,0,0,1,0,1,0,0
0256,9,9,9,9,9,9,3,3,3,4,4,4,4,4,3,3,3,3,3,3,3,3,2,2,3,2,2,2, ,9,1,1,2,2,2,2,1,1,1,1, , , , , , ,9,1953,0,0,0,0,0,0,9,2,15,4,0,0,1,0,1,0,0
0257,0,0,1,0,0,0, , , , , , ,5,5,3,3,3,9,9,9,9,4,3,9,3,9,3,3,1999, ,3,3,2,2,1,1,3,3,4,4, , , , , , ,1,1954,0,0,0,0,0,1, ,6,43,16,0,0,1,0,1,0,0
0258,0,0,0,0,0,1,3,3,2,4,3,3,4,5,4,3,3,9,1,3,9,2,9,2,1,9,2,3, , ,2,0,3,4,1,3,3,2,4,4, , , , , , ,0,1959,0,0,0,0,0,1, ,2,10,3.87,0,0,1, ,1,0,0
0259,0,0,1,0,0,0, , ,2, , , ,4,5,3,4,9,9,1,9,9,9,9,9,9,9,9,9, , ,3,3,2,4,1,4,1,1,2,2,3,3,3,3,3,3,0,1943,0,0,0,0,0,1, ,5,50,40,0,1,2, ,0,1,0
0260, , , , , , , , , , , , ,5,4,5,3,4,4,4,4,4,3,3,3,3,3,3,3, , ,0,0,2,2,2,2,3,3,3,3,2,3,3,3,2,3,0,1943,0,0,0,0,0,1, ,2,50,7,1,1,2,50,0,1,0
0261,0,1,0,0,0,0,3,3,4,4,3,3,4,3,3,3,2,2,2,2,3,2,2,2,2,3,2,2, ,9,3,3,4,4,4,4,2,2,2,2,4,4,4,4,4,4,0,1964,0,0,0,0,0,1, ,2,33,430,1,1,3,33,0,0,1
0262,0,0,0,0,0,0,4,3,4,4,4,2,4,5,3,3,3,2,2,2,1,3,2,1,1,1,2,1, , ,1,0,3,3,3,3,3,3,3,1,4,4,4,3,3,4,0,1950,0,0,0,0,0,1, ,5,42,121,1,1,3,42,0,0,1
0263,0,0,0,0,1,0,3,3,1, ,2,2,5,4,5,4,4,9,1,9,1,4,4,9,4,9,9,9, , ,3,3,1,1,1,4, , , , , , , , , , , ,1954,0,0,0,0,0,1, ,5,40,40,0,0,1, ,1,0,0
0264,0,0,1,0,0,0,3,3,4,4,4,4,5,5,4,3,2,2,3,9,9,2,9,9,1,3,2,2,1996, ,3,1,3,4,2,4,1,1,2,1, , , , , , ,1,1981,0,0,0,0,0,1, ,5,10,20,1,0,2,7,0,1,0
0265,0,0,0,1,0,0,3,3,2,4,4,3,5,5,3,2,9,9,3,2,9,3,2,3,9,9,2,2, , ,3,0,1,1,1,1,4,4,4,4,2,1,9,2,2,3,0,1950,0,0,0,0,0,1, ,2,65,115,1,1,3,55,0,0,1
0266,0,1,0,0,1,1,3,3,3, , , ,4,4,3,3,4,4,3,3,3,3,3,3,3,4,4,4, , ,3,0,4,4,2,4, , , , , , , , , , ,0,1943,0,0,0,0,0,1, ,3,52,4,0,0,1, ,1,0,0
0267,0,1,0,0,0,0,3,1,1,3,2,1,5,5,3,9,4,1,1,9,9,1,3,9,4,9,1,2,1971, ,2,0,1,1,1,1,1,1,1,1, , , , , , ,0,1950,0,0,0,0,0,1, ,3,32,2,0,0,1, ,1,0,0
0268,0,1,0,0,0,1,2,1,1,4,3,3,5,4,5,3,4,4,4,9,9,3,2,4,2,2,4,2, , ,2,0,2,4,3,2,3,3,3,3,2,2,2,2,2,2,0,1939,0,0,0,0,0,1, ,3,20,13,0,1,2,83,0,1,0
0269,0,0,0,0,0,1,4,3,3,5,4,3,4,5,4,4,3,3,4,9,9,4,4,4,3,3,2,2,1972, ,3,3,2,2,2,2,1,3,1,1,2,4,3,3,2,2,1,1985,0,0,0,0,0,1, ,6,10,500,1,1,3,10,0,0,1
0270,0,1,0,0,0,0,2,2,1,4,3,4, , , , , , , , , , , , , , , , , , ,3,0,1,1,1,4,1,1,4,4, , , , , , ,1,1956,0,1,0,0,0,1, ,4,35,15,0,0,1, ,1,0,0
0271,0,0,0,1,0,0,3,3,2,3,3,3,5,4,4,4,4,4,3,3,2,3,4,2,2,4,2,2, , ,3,0,4,4,4,4,1,1,1,1,3,4,9,9,9,4,0,1951,0,0,0,0,0,1, ,4,0.5,7,0,1,2,50,0,1,0
0272,9,9,9,9,0,0,2, , , , , ,4,4,3,2,3,4,4,3,1,4,4,3,1,3,2,1, ,9,1,1,1,1,1,1,4,4,4,1, , , , , , ,1, ,0,0,0,0,0,1, ,2,42,2.5,0,0,1, ,1,0,0
0273,0,0,0,0,1,0,3,3,3,4,4,4,4,3,4,1,3,4,4,2,2,2,3,2,2,2,3,2,1996, ,3,2,2,4,4,4,2,1,1,1, , , , , , ,0,1961,0,0,0,0,1,0, ,6,19,40,0,0,1, ,1,0,0
0274,1,1,1,1,1,1,5,5,5,4,4,2,5,3,4,4,3,4,4,4,3,4,4,4,4,4,4,4, ,9,2,2,4,4,4,4,1,1,1,1, , , , , , ,0,1953,0,0,0,0,0,0,9,4,35,3,0,0,1, ,1,0,0
0275,0,0,0,0,0,0,3,3,4,4,3,3,4,4,5,1,1,1,1,1,1,1,1,1,1,1,1,1,2020, ,3,3,2,2,2,2,2,2,2,2,2,2,2,2,2,2,0,1956,0,0,0,0,0,1, ,2,44,5,0,1,2,0,0,1,0
0276,1,1,1,1,1,1,5,5,5,5,5,5,5,4,4,1,1,1,1,9,9,1,1,1,1,1,1,1, ,9,2,0,1,1,1,1,1,1,1,1, , , , , , ,1,1952,0,0,0,0,0,1, ,3,12,60,0,0, , , , , 
0277, ,1, , , , ,1,1, ,1,1,1,5,3,4,1,1,9,2,9,9,9,9,3,9,9,3,9, , ,3,0,3,2,1,4,4,4,4,4, , , , , , , , ,0,0,0,0,0,1, , ,29,5,0,0,1,0,1,0,0
0278,0,0,0,0,0,0,4,4,5,5,4,4,5,4,3,2,3,4,4,9,9,4,4,4,4,4,4,4, , ,3,1,2,2,1,1,2,3,2,3, , , , , , ,0,1947,0,0,0,0,0,1, ,4,50,7,0,0,1,0,1,0,0
0279,0,1,1,1,1,1,4,3,1,4,1,1,5,4,5,2,4,4,4,4,3,4,4,4,4,4,4,4, ,9,2,0,4,4,1,1,1,1,4,4,4,2,2,2,2,9,1,1981,0,0,0,0,0,1, ,2,5,36,1,1,2,5,0,1,0
0280,0,0,0,0,0,1,3,2, ,5,3,3,5,5,4,9,3,9,3,9,9,3,9,3,9,9,3,1, ,9,3,3,1,2,1,4, , , ,2, , , , , , ,1,1982,0,0,0,0,0,1, ,5,10,5,1,0,2,0,0,1,0
0281,0,1,0,0,0,0,3,3,3,3,2,2,5,5,4,4,3,3,2,2,2,2,3,3,2,2,2,3, ,9,3,2,4,4,4,4, , , , , , , , , , ,0,1973,0,0,0,0,0,1, ,6,5,1,0,0,1, ,1,0,0
0282,0,1,1,1,1,1,5,3,3,5,4,4,4,4,5,3,3,3,3,3,3,4,3,3,3,4,3,3, , ,3,3,4,4,4,4,4,4, , , , , , , , ,0,1944,0,0,0,0,0,1, ,6,50,100,1,0,3,50,0,0,1
0283,1,1,1,0,0,0,5,4,4,5,4,4,5,5,5,2,3,3,4,3,3,4,4,4,3,4,4,4, , ,2,0,2,2,2,2,1,1,1,1,3,3,3,3,1,1,0,1978,0,0,0,0,0,1, ,6,11,10,0,1,2, ,0,1,0
0284,0,0,0,1,0,0,4,3,1,5,3,3,5,5,4,2,4,9,2,9,9,3,4,4,3,4,4,4, , ,1,1,1,1,2,2,2,1,4,4,2,2,2,2,1,2,0,1967,0,0,0,0,0,1, ,5,21,40,1,1,2,21,0,1,0
0285,0,0,0,0,1,1, , , ,4, , ,5,4,4,9,4,9,9,9,4,9,9,9,9,9,9,9, , ,0,0,1,1,1,1, , ,4,4, , , , , , ,1,1958,0,0,0,0,0,1, ,5,15,17,0,0,1, ,1,0,0
0286,0,1,0,0,0,0,3,3,4,5,4,4,5,4,4,3,2,1,1,9,1,9,9,1,2,3,1,1, , ,3,3,4,4,1,4,1,1,2,2, , , , , , ,0,1973,0,0,0,0,0,1, ,6,23,30,0,0,1, ,1,0,0
0287,0,0,1,1,1,1,3,3,3,4,3,3,5,5,4,9,9,9,3,9,9,3,9,9,9,9,3,3, ,9,2,2,2,2,2,2,3,3,4,4, , , , , , ,1,1961,0,0,0,0,0,1, ,6,28,3,0,0,1, ,1,0,0
0288,0,1,0,1,0,1,5,5,5,5,5,3,5,5,4,2,1,1,2,2,2,1,3,9,2,9,1,9,1998, ,1,1,1,2,1,1,1,2,4,3, , , , , , ,0,1958,0,0,0,0,0,1, ,5,7,12.5,0,0,1,0,1,0,0
0289,1,0,0,0,0,0,3,3,2,3,2,2,3,4,4,2,9,9,1,9,9,2,9,1,1,9,2,9, ,9,1,0,1,1,1,1,3,4,4,4, , , , , , ,1,1969,0,0,0,1, , , ,4,7,18,1,0,2, ,0,1,0
0290,0,0,0,0,1,0,4,2,3,4,1,2,5,4,5,9,3,4,4,9,9,3,2,3,2,9,3,3, , ,3,3,2,4,2,4,2,4,1,3, , , , , , ,1,1982,0,0,0,0,0,1, ,5,12,6,1,0,2,12,0,1,0
0291,0,1,0,0,0,0,4,3,3,5,4,3,5,4,5,2,3,1,3,1,1,3,4,4,3,4,3,3, , ,0,0,3,4,1,3,1,1,2,4, , , , , , ,0,1978,0,0,0,0,0,1, ,5,14,7,0,0,1, ,1,0,0
0292,1,1,0,0,1,1,5,5,5,3,1,2,4,4,4,3,3,3,3,2,2,2,2,2,2,2,2,2, ,9,3,0,2,2,1,2,2,2,2,2,4,4,4,4,4,4,0,1934,0,0,0,0,0,1, ,5,68,3500,0,1,3,60,0,0,1
0293,0,0,0,0,0,0,4,4,3,4,3,1,4,4,4,2,3,1,2,9,3,2,2,4,3,3,2,3, , ,3,2,2,4,4,4,2,4,4, ,3,1,3,4,9,9,0,1974,0,0,0,0,0,1, ,3,16,12,1,1,2,30,0,1,0
0294,0,1,1,1,1,1, , , , , , ,4,5,4,3,9,9,4,9,2,3,3,3,3,3,3,3, , ,1,1,2,2,2,2,1,1,1,1, , ,4,4,4, ,0,1953,0,0,0,0,0,1, ,2,16,50,0,0,2,40,0,1,0
0295, ,9, , , ,9,1,1,1,1,1,1,4,4, ,2,3,4,3,3,3,2,1,2, ,4, ,1, ,9, , , , , , , , , , , ,4,4, , ,4,0,1936,0,0,0,0,0,1, ,2,60,57.7,1,0,2, ,0,1,0
0296,1,0,1,1,1,1,3,2,3,5,3,4,5,4,4,4,4,3,3,9,2,3,3,3,2,3,3,2, , ,2,0,3,4,1,4,2,2, , ,4,2,4,4,4,3,0,1944,0,0,0,0,0,1, ,5,40,300,1,1,3,50,0,0,1
0297,0,1,0,0,0,0,2,1,1,2,1,1,4,5,5,3,4,9,4,9,9,3,3,3,3,3,3,3, , ,1,0,4,4,4,4,1,1,1,1, , , , , , ,1,1975,0,0,0,0,0,1, ,4,17,2.5,0,0,1,0,1,0,0
0298,0,0,0,0,0,1,4,3,2,4,4,3,5,5,4,3,4,4,3,9,4,3,4,4,3,4,3,3,1995, ,3,3,4,4,4,4,1,1,1,1, , , , , , ,1,1960,0,0,0,0,0,1, ,2,39,5.25,0,0,1, ,1,0,0
0299, , , , , , , , , , , , ,5,5,4,4,4,4,3, , ,9,9,3,9,4,4,4, , ,2,1,1,3, ,4, , , , , , , , , , , , , , , , , , , ,5,48,30,1,0,2, ,0,1,0
0300,0,0,0,0,0,0,4,3,2,4,3,3,5,5,4,3,9,9,3,9,9,9,9,9,9,9,9,9, ,9,2,0,4,4,4,4, , , , ,3,3,4,4,4,4,0,1969,0,0,0,0,0,1, ,2,10,37,1,1,2, ,0,1,0
0301,0,1,0,0,0,0,3,2,3,4,3,3,4,4,4,9,3,3,3,9,3,3,2,3,3,3,4,2, ,9,3,0,1,1,1,1,4,4,4,4, , , , , , ,1,1970,0,0,0,0,0,1, ,4,28,20,1,0,2, ,0,1,0
0302,0,0,0,0,1,0, , , ,2, , ,5,3,5,4,3,3,2,3,3,3,2,3,3,2,3,3, , ,1,0,4,4,4,4,1,1,1,1, , , , , , ,0,1960,0,0,0,0,0,0,9,5,19,37,1,0,2,0,0,1,0
0303,0,0,0,0,1,0,3,1,1,5,3,1,5,3,5,9,9,9,3,9,9,9,9,9,9,4,9,9, , ,2, ,4,4,2,4, , , , , , , , , , ,1,1968,0,0,0,0,0,1, ,3,6,13,1,0,2, ,0,1,0
0304,1,1,1,0,0,0,4,4,4,3,2,2,5,4,3,1,1,1,2,2,1,1,2,2,1,1,1,1, ,9,3,0,4,4,4,4,1,1,1, ,4,4,4,4,4,3,0, ,0,0,0,0,0,1, ,3,30,400,1,1,3,50,0,0,1
0305,0,0,0,0,0,0, , ,5, , , ,4,5,3,9,9,9,9,9,9,9,9,9,9,9,9,9,2012, ,3,2,1,2,2,4,3,3,3,1, , , , , , ,0, ,0,0,0,0,0,0,9,2,50,80,0,0,3,60,0,0,1
0306,0,1,0,0,1,0,5, ,5,1,1,1,4,3,4,2,2,4,2,3,2,2,1,4,1,2,2,2, , ,1,0,4,4,4,4,2,2,3,1,4,4,4,4,3,2,0,1946,0,0,0,0,0,1, ,4,50,280,0,1,3,20,0,0,1
0307,0,0,0,1,0,0,4, , , , , ,4,4,4,1,3,9,9,9,9,4,9,9,9,9,4,4,1994, ,3,0,1,4,1,4,2,2,1,1, , , , , , ,1,1950,0,0,0,0,0,1, ,3,28,10,0,0,1, ,1,0,0
0308,0,1,0,0,0,0,3,2,3,4,3,3,5, ,5,3,3,2,2,2,3,3, ,3,2,2,2,2,1992, ,2,2,4,4,4,4,1,1,1,1, , , , , , ,1,1953,0,0,0,0,0,1, ,3,30,10,1,0,2,29,0,1,0
0309,1,0,0,0,0,0,4,3,3,4,4,3,5,5,4,9,4,2,3,3,9,9,3,9,2,4,3,3,2014, ,3,3,4,4,4,4,1,1,1,1, , , , , , ,1,1991,0,0,0,0,0,1, ,5,8,3.5,1,0,2, ,0,1,0
0310,0,0,0,0,0,1,3,3,2,4,3,4,5,4,4,3,3,9,3,3,9,4,4,3,2,4,3,2, , , , ,4,1,1,1,1,1,4,4, , , , , , ,0,1990,0,0,0,0,0,1, ,5,1,3.5,1,0,2, ,0,1,0
0311,0,0,0,0,0,0,4,4,4,4,4,3,3,3,3,1,1,9,1,9,1,9,9,2,9,9,9,9, , ,3,0,2,2,2,2,2,2,1,1, , , , , , ,0,1974,0,0,0,0,0,1, ,2,28,2,0,0,1,24,1,0,0
0312,1,0,0,1,1,1,4,3,4,3,3,3,5,5,4,3,3,9,3,9,9,9,9,9,3,9,3,2, ,9,2,2,4,4,1,4,3,4,1,3, , , , , , ,1,1960,0,0,0,0,0,1, ,5,12,29,1,0,2, ,0,1,0
0313,0,1,0,0,0,0,4,2,4,5,3,1,5,5,4,4,2,4,2,9,9,1,9,1,1,1,1,1, , ,3,1,2,2,2,2,1,1,1,1, , , , , , ,1,1947,0,0,0,0,0,1, ,1,30,7,0,0,1,25,1,0,0
0314,1,1,1,1,1,1,4,2,2,3,1,1,5,5,3,4,3,3,4,9,9,9,9,9,9,9,3,3, , ,3,1,3,3,1,4,1,1,1,4, , , , , , ,0,1963,0,0,0,0,0,1, ,5,29,4.58,0,0,1, ,1,0,0
0315,0,0,0,0,0,0,4,2,2,4,2,2,5,5,4,1,9,9,1,1,1,1,1,1,1,1,1,1, ,9,3,0,3,4,4,4,3,4,4, , , , , , , ,0,1950,0,0,0,0,0,1, ,3,40,2.4,0,0,1, ,1,0,0
0316,0,0,0,0,0,0,4,3,3,5,4,3,4,4,4,2,1,1,1,1,9,9,1,1,9,2,9,2,1992, ,3,3,3, , ,4,1,1,1,1, , , , , , ,0,1961,0,0,0,0,0,1, ,6,30,40,0,0,1, ,1,0,0
0317,1,0,1,1,1,1,5,5,5,5,5,5,4,4,3,1,3,1,1,1,1,1,1,1,1,1,1,2,1996, ,2,2,4,4,4,4,1,1,1,1, , , , , , ,0,1963,0,0,0,0,0,1, ,5,17,4,0,0,1, ,1,0,0
0318,0,0,0, ,0,0, , , , , , ,3,3,4,9,9,9,9,9,9, , , , , , , , , ,2,1,2,2,2,2,2,2,3,3,3,2,2,2,2,2,1,1965,0,0,0,0,0,1, ,5,22,15,1,1,2,15,0,1,0
0319,0,1,0,0,0,0, , , , , , ,4,4,4,1,1,1,1,1,1,3,1,3,1,2,1,1, , ,2,2,1,4,1,4,1,1,3,3,4,2,2,2,3,4,0,1954,0,0,0,0,0,1, ,3,45,80,0,1,3,60,0,0,1
0320,1,1,1,1,1,1, , , , , , ,5,5, ,9,9,9,9,9,9,9,4,4,9,9,9,1, ,9,2,1,2,2,2,2,1,2,1,4,3,4,9,3,9,9,0,1957,0,0,0,0,0,1, ,3,1,2.5,1,1,2,0,0,1,0
0321,0,0,0,0,0,0,3,3,3,5,5,3,4,3,5,2,3,3,4,3,1,3,4,4,2,4,3,3, , ,3,0,1,4,1,1, , ,4, , , , , , , ,0, ,0,0,0,0,0,1, ,5,25,6.5,1,0,2,0,0,1,0
0322,1,0,0,0,0,0,2,4,5,4,2,2,5,4,3,3,3,3,3,3,9,4,4,4,2,2,3,3, , ,3,0,2,4,4,4,1,1,1,1,4,4,4,4,4,4,1,1982,0,0,0,0,0,1, ,6,9,3000,0,1,3,10,0,0,1
0323,0,0,0,1,0,0,4,4,4,4,1,4, , , , , , , , , , , , , , , , , , ,3,3,1,1,1,1,1,3,4,4, , , , , , ,1,1953,0,0,0,0,0,1, ,4,23,20,0,0,1,0,1,0,0
0324,0,0,0,0,0,1,5,3,1,5,3,2,5,4,4,4,4,4,3,3,4,4,4,4,4,3,4,4, , ,3,0,1,1,1,4,1,1,1,1, , , , , , ,1,1955,0,0,0,0,0,1, ,2,36,30,1,0,2, ,0,1,0
0325,0,0,0,1,0,0, , , , , , ,5,5,4,9,3,3,9,9,9,3,4,3,2,4,3,3, ,9,3,3,1,1,1,4,4,1,4,4, , , , , , ,1,1962,0,0,0,0,0,1, ,6,1.5,14,1,0,2,0,0,1,0
